"Index","Text","Bold","Underline","Color","Highlight"
"0","Tổng hợp các câu hỏi trắc nghiệm Nhập Môn Web Và Ứng Dụng","False","False","",""
"1","Đề 1: (2020-2021)","True","False","00B050",""
"2","1. Đoạn mã ab<c>d</c> xuất ra trên trình duyệt là gì?","True","False","FF0000",""
"3","a. ab<c>d</c>","False","False","",""
"4","b. abd","True","False","","yellow"
"5","c. abcd","True","False","","none"
"6","d. Lỗi","False","False","",""
"7","2. Đoạn mã X<sup>2</sup> xuất ra trình duyệt là gì?","True","False","FF0000",""
"8","a. X₂","False","False","",""
"9","b. X2","False","False","",""
"10","c. X²","True","False","","yellow"
"11","d. X<sup>2</sup>","False","False","",""
"12","3. Trong <table> thuộc tính màu nền là?","True","False","FF0000","yellow"
"13","a. background","False","False","",""
"14","b. bordercolor","False","False","",""
"15","c. bgcolor","True","False","","yellow"
"16","d. background-color","True","False","","none"
"17","4. Để mở liên kết trong một cửa sổ mới sử dụng thuộc tính?","True","False","FF0000",""
"18","a. target=”_top”","False","False","",""
"19","b. target=”_self”","False","False","",""
"20","c. target=”_blank”","True","False","","yellow"
"21","d. target=”_parent”","False","False","",""
"22","5. Tag nào dùng để tạo tiêu đề kích thước nhỏ nhất?","True","False","FF0000",""
"23","a. <h1>","False","False","",""
"24","b. <h6>","True","False","","yellow"
"25","c. <heading>","False","False","",""
"26","d. <header>","False","False","",""
"27","6. Thuộc tính nào xác định tốc độ chuyển động của <marquee>?","True","False","FF0000",""
"28","a. scrollamount","True","False","","yellow"
"29","b. behavior","False","False","",""
"30","c. direction","False","False","",""
"31","d. loop","False","False","",""
"32","7. Trong textfield <input type=""text""/> thuộc tính nào giới hạn số ký tự nhập vào?","True","False","FF0000","yellow"
"33","a. size","False","False","",""
"34","b. maxlength","True","False","","yellow"
"35","c. width","False","False","",""
"36","d. value","False","False","",""
"37","8. Thuộc tính nào dùng để tạo gợi ý nhập liệu cho 1 text field?","True","False","FF0000",""
"38","a. recommend","False","False","",""
"39","b. hint","False","False","",""
"40","c. placeholder","True","False","","yellow"
"41","d. hint = “Nhập số”","False","False","",""
"42","9. Thêm thuộc tính nào vào <input type=""text"" ...> để không cho người dùng thay đổi giá trị của nó nhưng vẫn gửi dữ liệu lên server?","True","False","FF0000",""
"43","a. enable=""false""","False","False","",""
"44","b. readonly","True","False","","yellow"
"45","c. locked","False","False","",""
"46","d. change-value=""no""","False","False","",""
"47","10. Thẻ nào sau đây dùng để tạo một liên kết trong trang1.html đến vị trí pos1 trong trang2.html biết 2 trang lưu trong cùng 1 thư mục?","True","False","FF0000",""
"48","a. <a href=""pos1&trang2.html""></a>","False","False","",""
"49","b. <a href=""trang2.html&pos1""></a>","False","False","",""
"50","c. <a href=""trang2.html#pos1""></a>","True","False","","yellow"
"51","d. <a href=""trang2.html@pos1""></a>","False","False","",""
"52","11. Trong CSS, thuộc tính nào dùng để định dạng màu chữ?","True","False","FF0000",""
"53","a. font-color","False","False","",""
"54","b. font color","False","False","",""
"55","c. color","True","False","","yellow"
"56","d. text-color","False","False","",""
"57","12. Thuộc tính nào trong CSS dùng để định dạng chữ nghiêng?","True","False","FF0000",""
"58","a. text-decoration","False","False","",""
"59","b. text-transform","False","False","",""
"60","c. italic","False","False","",""
"61","d. font-style","True","False","","yellow"
"62","13. Thuộc tính nào trong CSS định dạng kiểu border phía top của element","True","False","FF0000",""
"63","a. border–style","False","False","",""
"64","b. border-top-type","False","False","",""
"65","c. border-top-family","False","False","",""
"66","d. border-top-style","True","False","","yellow"
"67","14. Nếu viết padding: 20px 50px 10px 30px thì padding-bottom là bao nhiêu?","True","False","FF0000","yellow"
"68","a. 10px","True","False","","yellow"
"69","b. 50px","False","False","",""
"70","c. 20px","False","False","",""
"71","d. 30px","False","False","",""
"72","15. CSS selector sau đây mang ý nghĩa gì?   ul > li[class=""a""] { }","True","False","FF0000",""
"73","a. selector các thẻ li con gián tiếp của ul và có class là a","False","False","",""
"74","b. selector các thẻ li đồng cấp của ul và có class là a","False","False","",""
"75","c. selector các thẻ li theo sau của ul và có class là a","False","False","",""
"76","d. selector các thẻ li con trực tiếp của ul và có class là a","True","False","FF0000","yellow"
"77","16. Khi sử dụng thuộc tính display: flex, thì thuộc tính nào đi kèm xác định chiều của các item con trực tiếp","True","False","FF0000",""
"78","a. flex-t","False","False","",""
"79","b. flex-grow","False","False","",""
"80","c. flex-direction","True","False","","yellow"
"81","d. auto","False","False","",""
"82","17. Để định dạng màu nền cho các ô thuộc dòng đầu tiên của table có id là tbl1, mã css nào đúng?","True","False","FF0000",""
"83","a. table tr {background-color:#F00;}","False","False","",""
"84","b. #tbl1 tr1 {background-color:#F00;}","False","False","",""
"85","c. #tbl1 tr:first {background-color:#F00;}","False","False","",""
"86","d. #tbl1 tr:first-child {background-color:#F00;}","True","False","","yellow"
"87","18. Chọn khai báo quan hệ Descendant Selector giữa div và p?","True","False","FF0000",""
"88","a. div ~ p","False","False","",""
"89","b. div p","True","False","","yellow"
"90","c. div * p","False","False","",""
"91","d. div + p","False","False","",""
"92","19. Giá trị nào của thuộc tính position có cố định so với cửa sổ và không thay đổi khi scroll?","True","False","FF0000",""
"93","a. Absolute","False","False","",""
"94","b. Fixed","True","False","","yellow"
"95","c. Relative","False","False","",""
"96","d. Static","False","False","",""
"97","20. pseudo-class CSS đại diện cho phần tử cuối cùng trong nhóm các phần tử đồng cấp","True","False","FF0000",""
"98","a. :end-child","False","False","",""
"99","b. :last-element","True","False","","none"
"100","c. :last-child","True","False","","yellow"
"101","d. :Cả 2,b,c đều sai","False","False","",""
"102","21. Để kiểm tra nếu biến “i” không bằng 5, câu lệnh nào là đúng?","True","False","FF0000",""
"103","a. if (i != 5)","True","False","","yellow"
"104","b. if (i <> 5)","False","False","",""
"105","c. if I <> 5","True","False","","none"
"106","d. if i !=5 then","False","False","",""
"107","22. Hàm alert(...) trong JavaScript dùng để làm gì?","True","False","FF0000",""
"108","a. Hiển thị một thông báo Yes, No","False","False","",""
"109","b. Hiển thị thông báo yêu cầu nhập thông tin","False","False","",""
"110","c. Hiển thị một thông báo","True","False","","yellow"
"111","d. Không phương án nào đúng","False","False","",""
"112","23. Đâu là kết quả của phép tính sau 2+6+'3'","True","False","FF0000",""
"113","a. 83","False","False","",""
"114","b. '83'","True","False","","yellow"
"115","c. 11","False","False","",""
"116","d. '11'","False","False","",""
"117","24. Trong JavaScript biểu thức x===y có nghĩa là:","True","False","FF0000",""
"118","a. Cả x và y đều bằng nhau về giá trị, kiểu và địa chỉ tham chiếu.","False","False","",""
"119","b. Cả hai đều là x và y chỉ bằng nhau về giá trị.","False","False","",""
"120","c. Cả hai đều bằng nhau về giá trị và kiểu dữ liệu.","True","False","","yellow"
"121","d. Cả hai đều không giống nhau chút nào.","False","False","",""
"122","25. Trong JavaScript sự kiện Onblur thực hiện khi nào?","True","False","FF0000",""
"123","a. Khi di chuyển con chuột qua form","False","False","",""
"124","b. Khi một đối tượng trong form mất focus","True","False","FF0000","yellow"
"125","c. Khi một đối tượng trong form nhận focus","False","False","",""
"126","d. Khi di chuyển con chuột vào nút lệnh","False","False","",""
"127","26. Hàm nào trong JavaScript được sử dụng để chọn tất cả các đối tượng có class=“selector”?","True","False","FF0000",""
"128","a. querySelectorAll()","True","False","FF0000","yellow"
"129","b. querySelector()","False","False","",""
"130","c. getElementByClass()","False","False","",""
"131","d. Cả a,b,c đều sai","False","False","",""
"132","27. Cách khai báo mảng nào trong javascript là đúng?","True","False","FF0000",""
"133","a. var colors = 1:(""red""), 2:(""green""), 3 = (""blue"")","False","False","",""
"134","b. var colors = (1:""red"", 2:""green"", 3:""blue"")","False","False","",""
"135","c. var colors = [""red"", ""green"", ""blue""]","True","False","FF0000","yellow"
"136","d. var colors = ""red"", ""green"", ""blue""","False","False","",""
"137","28. Để truy cập, lấy giá trị phần tử trong form có id=n ra biến x, mã javascript là","True","False","FF0000",""
"138","a. x = document.getElementById(n);","False","False","",""
"139","b. x = document.getElementById('n').value;","True","False","FF0000","yellow"
"140","c. x = document.frm.n.value();","False","False","",""
"141","d. x = document.frm.n.value;","False","False","",""
"142","29. Cho mảng arr = ['aa','bb','cc','dd']; để xóa ‘aa’, ‘bb’ và ‘cc’ mã javascript là:a. arr.splice(0,1);b. arr.splice(0,2);c. arr.splice(1,3);d. arr.splice(1,2);","True","False","FF0000","none"
"143","e. Arr.splice(0,3); (trên đáp án ko có nhé)","True","False","","yellow"
"144","30. Để ẩn phần tử có id=txt, mã javascript là:a. document.getElementById('txt').display = 'none';b. document.getElementById('txt').style.display = 'none'; c. document.getElementById('txt').css.display = 'none';d. document.getElementById('txt').style.display = 'hide';","True","False","FF0000","yellow"
"145","31. Để đổi kích thước chữ của phần tử có id=txt thành 60px, mã javascript là:a. document.getElementById('txt').style.fontSize = '60px'; b. document.getElementById('txt').css.fontSize = '60px';c. document.getElementById('txt').style.Size = '60px';d. document.getElementById('txt').fontSize = '60px';","True","True","FF0000","yellow"
"146","32. Để xóa phần tử thứ 1 có class là class1 bằng jQuery là:a. $('#class1')[0].remove();b. $('.class1')[0].remove();c. $('#class1')[1].remove(); d. $('.class1')[1].remove();","True","False","FF0000","none"
"147","33. Tìm phần tử thứ 2 <p> và thay đổi giá trị của phần tử đó thành ""Hello"", mã javascript là:a. document.getElementsByName('p')[0].innerHTML = 'Hello';b. document.getElementsByName('p')[1].innerHTML = 'Hello';c. document.getElementsByTagName('p')[1].innerText = 'Hello'; d. document.getElementsByTagName('p')[1].innerHTML = 'Hello';","True","False","","yellow"
"148","34. Để đổi màu chữ của phần tử có name='n' thành 'red', mã javascript là:a. document.getElementsByName('n').color='red';b. document.getElementsByName('n').add.color='red';c. document.getElementsByName('n').css.color='red'; d. document.getElementsByName('n').style.color='red';","True","False","","yellow"
"149","35. Để lấy giá trị tên thuộc tính đầu tiên của phần tử (nút) Button thứ 1 ra biến a, mã javascript là:a. a = document.getElementsByName(""BUTTON"")[0].attributes[0].name; b. a = document.getElementsByName(""BUTTON"")[0].attributes[1].name;c. a = document.getElementsByTagName(""BUTTON"")[0].attributes[0].name;d. a = document.getElementsByTagName(""BUTTON"")[1].attributes[0].name;","True","False","","yellow"
"150","Đề 2: (2020-2021)","True","False","00B050",""
"151","1. Đoạn mã <pre> 1 - 10 </pre> xuất ra trình duyệt là gì?a. 1-10b. 1 - 10 c. 1 10d. 1-10","True","False","auto","yellow"
"152","2. Tag nào dùng để tạo tiêu đề kích lớn nhất?a. <heading>b. <header>c. <h1> d. <h6>","True","False","auto","yellow"
"153","3. Để đánh dấu bookmark (liên kết trong) ta sử dụng cách nào sau đây?a. <a name=""tên_bookmark"">...</a>b. <p id=""tên_bookmark"">...</p>c. <a name=""#tên_bookmark"">...</a>d. Cả a và b","True","False","auto","yellow"
"154","4. Để mở liên kết trong một cửa sổ mới sử dụng thuộc tính?a. target=""_top""b. target=""_blank"" c. target=""_self""d. target=""_parent""","True","False","auto","yellow"
"155","5. Thuộc tính nào xác định tốc độ chuyển động của <marquee>?a. scrollamount b. behaviorc. directiond. loop","True","False","auto","yellow"
"156","6. Trong <table> sử dụng thẻ <th> nội dung sẽ tự động?a. Căn đều 2 bênb. Căn phảic. Căn giữa ô d. Tất cả đều sai","True","False","auto","yellow"
"157","7. Trong <table> canh chỉnh nội dung các ô theo chiều dọc là?a. alignb. valign c. halignd. text-align","True","False","auto","yellow"
"158","8. Trong <table> để nối (trộn) các ô theo chiều ngang dùng thuộc tính?a. colpan b. colspanc. rowpand. rowspan","True","False","auto","yellow"
"159","9. Thêm gì vào <input type=""text"" /> để có được gợi ý “Nhập số” như hình sau?","True","False","auto",""
"160","a. value=""Nhập số""b. comment=""Nhập số""c. hint=""Nhập số""d. placeholder=""Nhập số""","True","False","auto","yellow"
"161","10. Trong thẻ <input type=""text"" /> thuộc tính nào giới hạn số ký tự nhập vào?a. sizeb. widthc. maxlength d. value","True","False","auto","yellow"
"162","11. Cú pháp CSS nào được sử dụng để chuyển tất cả các thẻ <p> thành chữ in đậm?a. p {text-size:bold}b. p {font-weight:bold} c. style:boldd. p {font:bold}","True","False","auto","yellow"
"163","12. Thuộc tính nào của CSS không cho hình nền lặp lại?a. background-repeat: no-repeatb. image-repeatc. background-norepeatd. bgimage-repeat","True","False","auto","yellow"
"164","13. Lựa chọn thiết lập ảnh nền cố định?a. background-attachment: fixb. background-attachment: fixed c. background-attachment: scrolld. Tất cả đều sai","True","False","auto","yellow"
"165","14. CSS selector sau đây mang ý nghĩa gì?ul > li[class=""a""] { }","True","False","auto",""
"166","a. selector các thẻ li con gián tiếp của ul và có class là ab. selector các thẻ li con trực tiếp của ul và có class là a c. selector các thẻ li đồng cấp của ul và có class là ad. selector các thẻ li theo sau của ul và có class là a","True","False","auto","yellow"
"167","15. Thuộc tính và giá trị CSS nào dùng để chuyển tất cả các ký tự đầu chữ viết hoa?","True","False","auto",""
"168","a. text-transform: uppercaseb. text-transform: capitaliza c. text-transform: properd. Không thể làm được với CSS","True","False","auto","yellow"
"169","16. Khi sử dụng thuộc tính display: flex, thuộc tính nào đi kèm để xác định chiều của các item trực tiếp?","True","False","auto",""
"170","a. flex-direction b. flex-growc. flex-td. auto","True","False","auto","yellow"
"171","17. Để định dạng màu nền cho các ô thuộc dòng đầu tiên của table có id là tbl1, mã CSS nào đúng?","True","False","auto",""
"172","a. table tr {background-color:#F00;}b. #tbl1 tr:1 {background-color:#F00;} c. #tbl1 tr:first {background-color:#F00;}d. #tbl1 tr:first-child {background-color:#F00;}","True","False","auto","yellow"
"173","18. Nếu viết padding: 20px 50px 10px 30px thì padding-left là bao nhiêu?","True","False","auto",""
"174","a. 10pxb. 50pxc. 20pxd. 30px","True","False","auto","yellow"
"175","19. Giá trị nào của thuộc tính position cố định so với cửa sổ và không thay đổi khi scroll?","True","False","auto",""
"176","a. Absoluteb. Fixed c. Relatived. Static","True","False","auto","yellow"
"177","20. Chọn khai báo quan hệ Adjacent Sibling Selector giữa div và p?","True","False","auto",""
"178","a. div ~ pb. div > pc. div + p d. div * p","True","False","auto","yellow"
"179","21. JavaScript là ngôn ngữ dịch mà nguồn theo kiểu nào?","True","False","auto",""
"180","a. Biên dịchb. Thông dịch c. Cả biên dịch và thông dịchd. Không có dạng nào","True","False","auto","yellow"
"181","22. Hàm prompt(…) trong JavaScript dùng để làm gì?","True","False","auto",""
"182","a. Hiển thị một thông báob. Hiển thị một thông báo Yes, Noc. Hiển thị thông báo yêu cầu nhập thông tin d. Không phương án nào đúng","True","False","auto","yellow"
"183","23. Trong JavaScript biểu thức x === y có nghĩa là:","True","False","auto",""
"184","a. Cả x và y đều bằng nhau về giá trị, kiểu và địa chỉ tham chiếub. Cả hai đều là x và y chỉ bằng nhau về giá trịc. Cả hai đều bằng nhau về giá trị và kiểu dữ liệu d. Cả hai đều không giống nhau chút nào","True","False","auto","yellow"
"185","24. Trong JavaScript sự kiện Onblur thực hiện khi nào?","True","False","auto",""
"186","a. Khi một đối tượng trong form nhận focusb. Khi một đối tượng trong form mất focus c. Khi di chuyển con chuột qua formd. Khi di chuyển chuột vào nút lệnh","True","False","auto","yellow"
"187","25. Cách khai báo mảng nào trong JavaScript là đúng?","True","False","auto",""
"188","a. var colors = 1 = (""red""), 2 = (""green""), 3 = (""blue"")b. var colors = [""red"", ""green"", ""blue""] c. var colors = {1:""red"", 2:""green"", 3:""blue""}d. var colors = ""red"", ""green"", ""blue""","True","False","auto","yellow"
"189","26. Để kiểm tra nếu biến “i” không bằng 5, câu lệnh nào là đúng?","True","False","auto",""
"190","a. if (i <> 5)b. if i <> 5c. if (i != 5) d. if i ! 5 then","True","False","auto","yellow"
"191","27. Hàm nào trong JavaScript được sử dụng để chọn tất cả các đối tượng có class = “selector”?","True","False","auto",""
"192","a. querySelector()b. querySelectorAll() c. getElementByClass()d. Cả a, b, c đều sai","True","False","auto","yellow"
"193","28. Form có name=frm, để lấy giá trị phần tử trong form có name=n ra biến x, mã JavaScript là","True","False","auto",""
"194","a. x = document.frm.n.value;b. x = document.frm.n.value();c. x = document.getElementByName('n');d. x = document.getElementsByName('n').value;","True","False","auto","yellow"
"195","29. Tìm phần tử đầu tiên <p> và thay đổi giá trị của phần tử đó thành ""Hello"", mã JavaScript là","True","False","auto",""
"196","a. document.getElementsByTagName('p')[0].innerHTML = 'Hello';b. document.getElementsByTagName('p')[0].innerHTML = “Hello”;","True","False","auto","yellow"
"197","c. document.getElementsByTagName('p')[1].innerHTML = 'Hello'; d. document.getElementsTagName('p')[0].innerText = 'Hello';","True","False","auto",""
"198","30. Để lấy giá trị tên thuộc tính đầu tiên của phần tử (nút) Button thứ 2 biến a, mã JavaScript là","True","False","auto",""
"199","a. a = document.getElementsByTagName(""BUTTON"")[0].attributes[0].name;b. a = document.getElementsByTagName(""BUTTON"")[1].attributes[0].name;c. a = document.getElementsByName(""BUTTON"")[0].attributes[0].name; (sai do dùng getElementsByName)d. a = document.getElementsByName(""BUTTON"")[0].attributes[1].name;","True","False","auto","yellow"
"200","31. Để đổi màu chữ của phần tử có name=n thành red, mã JavaScript là","True","False","auto",""
"201","a. document.getElementsByName('n').color = 'red';b. document.getElementsByName('n').add.color = 'red';c. document.getElementsByName('n')[0].style.color = 'red';d. document.getElementsByName('n').css.color = 'red';","True","False","auto","yellow"
"202","32. Để ẩn phần tử có id=txt, mã JavaScript là","True","False","auto",""
"203","a. document.getElementById('txt').display = 'none';b. document.getElementById('txt').css.display = 'none';c. document.getElementById('txt').style.display = 'none';d. document.getElementById('txt').style.display = 'hide';","True","False","auto","yellow"
"204","33. Để đổi kích thước chữ của phần tử có id=txt thành 60px, mã JavaScript là","True","False","auto",""
"205","a. document.getElementById('txt').css.fontSize = '60px';b. document.getElementById('txt').style.fontSize = '60px'; c. document.getElementById('txt').style.Style = '60px';d. document.getElementById('txt').fontSize = '60px';","True","False","auto","yellow"
"206","34. Cho mảng arr = ['aa','bb','cc','dd']; để xoá 'bb' và 'cc' mã JavaScript là","True","False","auto",""
"207","a. arr.splice(1,1); b. arr.splice(1,3); c. arr.splice(2,3); d. arr.splice(1,2);","True","False","auto","yellow"
"208","35. Để xoá phần tử thứ 2 có class là class1 bằng jQuery là:a. $('.class1')[0].remove();b. $('#class1')[0].remove();c. $('.class1')[1].remove();d. $('#class1')[1].remove();","True","False","auto","yellow"
"209","Đề 3:","True","False","00B050",""
"210","Câu hỏi 1: Giá trị mặc định của thuộc tính float trong CSS là gì?","False","False","",""
"211","a. let","False","False","",""
"212","b. right","False","False","",""
"213","c. none","True","False","","yellow"
"214","d. inherit","False","False","",""
"215","Câu hỏi 2: Khi một phần tử con được float, phần tử cha của nó sẽ:","False","False","",""
"216","a. Tự động điều chỉnh chiều cao để bao gồm phần tử con float","False","False","",""
"217","b. Không bao gồm phần tử con float trong chiều cao của nó","True","False","","yellow"
"218","c. Trở thành vị trí tương đối","False","False","",""
"219","d. Trở thành vị trí tuyệt đối","False","False","",""
"220","Câu hỏi 3: Thuộc tính nào được sử dụng để thay đổi khoảng cách giữa các ký tự trong CSS?","False","False","",""
"221","a. letter-spacing","True","False","","yellow"
"222","b. character-spacing","False","False","",""
"223","c. text-spacing","False","False","",""
"224","d. word-spacing","False","False","",""
"225","Câu hỏi 4: Thuộc tính CSS nào sau đây có thể được sử dụng để thiết lập một phần tử cố định ở góc dưới cùng bên phải của cửa sổ trình duyệt?","False","False","",""
"226","a. position: fixed; bottom: 0; right: 0;","True","False","","yellow"
"227","b. position: absolute; bottom: 0; right: 0;","False","False","",""
"228","c. position: static; bottom: 0; right: 0;","False","False","",""
"229","d. position: relative; bottom: 0; right: 0;","False","False","",""
"230","Câu hỏi 5: Thuộc tính CSS nào được sử dụng để ẩn một phần tử?","False","False","",""
"231","a. display: none;","True","False","","yellow"
"232","b. display: hidden;","False","False","",""
"233","c. visibility: hidden;","False","False","",""
"234","d. visibility: none;","False","False","",""
"235","Câu hỏi 6: Selector nào chọn tất cả các phần tử có class là ""example""?","False","False","",""
"236","a. *example","False","False","",""
"237","b. #example","False","False","",""
"238","c. example","False","False","",""
"239","d. .example","True","False","","yellow"
"240","Câu hỏi 7: Selector nào chọn tất cả các phần tử <p> mà là phần tử đầu tiên con của phần tử cha?","False","False","",""
"241","a. p:first-child","True","False","","yellow"
"242","b. p:first-of-type","False","False","",""
"243","c. p:only-child","False","False","",""
"244","d. p:last-child","False","False","",""
"245","Câu hỏi 8: Selector nào dưới đây để chọn phần tử <li> ở vị trí lẻ trong một danh sách?","False","False","",""
"246","a. li:nth-child(even)","False","False","",""
"247","b. li:nth-of-type(odd)","False","False","",""
"248","c. li:nth-child(odd)","True","False","","yellow"
"249","d. li:odd-child","False","False","",""
"250","Câu hỏi 9: Khi một phần tử thuộc tính position: fixed;, phần tử đó sẽ:","False","False","",""
"251","a. Di chuyển cùng với trang khi cuộn.","False","False","",""
"252","b. Vẫn luôn ở cùng vị trí trong cửa sổ trình duyệt khi cuộn trang.","True","False","","yellow"
"253","c. Được đặt tương đối so với phần tử con gần nhất có thuộc tính position.","False","False","",""
"254","d. Được đặt tương đối so với phần tử cha gần nhất.","False","False","",""
"255","Câu hỏi 10: Để ngăn chặn các phần tử bị bao quanh một phần tử đã được float, ta sử dụng thuộc tính nào?","False","False","",""
"256","a. clear","True","False","","yellow"
"257","b. float","False","False","",""
"258","c. overflow","False","False","",""
"259","d. display","False","False","",""
"260","Câu hỏi 11: Responsive Web Design (RWD) là gì?","False","False","",""
"261","a. Một kỹ thuật lập trình chỉ áp dụng cho máy tính cá nhân","False","False","",""
"262","b. Một phương pháp thiết kế web để tạo ra trang web hiển thị tốt trên nhiều thiết bị và kích thước màn hình khác nhau","True","False","","yellow"
"263","c. Một loại kiến trúc mạng để tăng tốc độ tải trang web","False","False","",""
"264","d. Một loại hình quảng cáo trên mạng Internet","False","False","",""
"265","Câu hỏi 12: Câu lệnh @media nào dưới đây áp dụng các quy tắc CSS khi chỉ chiều rộng của thiết bị nhỏ hơn hoặc bằng 600px?","False","False","",""
"266","a. @media screen and (max-width: 600px) { ... }","True","False","","yellow"
"267","b. @media screen and (min-width: 600px) { ... }","False","False","",""
"268","c. @media screen and (max-height: 600px) { ... }","False","False","",""
"269","d. @media screen and (min-height: 600px) { ... }","False","False","",""
"270","Câu hỏi 13: Media query nào dưới đây áp dụng các quy tắc CSS khi chiều cao của cửa sổ trình duyệt ít nhất là 400px và chiều rộng nhỏ hơn hoặc bằng 600px?","False","False","",""
"271","a. @media screen and (min-height: 400px) and (max-width: 600px) { ... }","True","False","","yellow"
"272","b. @media screen and (height: 400px) and (width: 600px) { ... }","False","False","",""
"273","c. @media screen and (min-height: 400px) and (width: 600px) { ... }","False","False","",""
"274","d. @media screen and (height: 400px) and (max-width: 600px) { ... }","False","False","",""
"275","Câu hỏi 14: Thuộc tính CSS nào được sử dụng để xác định tỷ lệ mà một phần tử con sẽ mở rộng trong container Flexbox?","False","False","",""
"276","a. flex-grow","True","False","","yellow"
"277","b. flex-shrink","False","False","",""
"278","c. flex-basis","False","False","",""
"279","d. flex","False","False","",""
"280","Câu hỏi 15: Thuộc tính flex-shrink được sử dụng để xác định điều gì về phần tử con trong container Flexbox?","False","False","",""
"281","a. Tỷ lệ mở rộng","False","False","",""
"282","b. Tỷ lệ co lại","True","False","","yellow"
"283","c. Tỷ lệ không gian trống","False","False","",""
"284","d. Tỷ lệ phân trăm","False","False","",""
"285","Câu hỏi 16: Trong JavaScript, từ khóa nào được sử dụng để khai báo một biến không thể thay đổi giá trị sau khi đã được gán giá trị?","False","False","",""
"286","a. let","False","False","",""
"287","b. var","False","False","",""
"288","c. const","True","False","","yellow"
"289","d. static","False","False","",""
"290","Câu hỏi 17: Kết quả của biểu thức 2 + ""2"" trong JavaScript là gì?","False","False","",""
"291","a. 4","False","False","",""
"292","b. ""22""","True","False","","yellow"
"293","c. NaN","False","False","",""
"294","d. undefined","False","False","",""
"295","Câu hỏi 18: Kết quả biến x là gì? var x = parseInt(""12.5A"") + parseFloat(""12.4A"");","False","False","",""
"296","a. 24.9","False","False","",""
"297","b. 24.5","True","False","","yellow"
"298","c. 24.9","False","False","",""
"299","d. ""125124""","False","False","",""
"300","Câu hỏi 19: Đoạn mã nào có nhiệm vụ tạo đối tượng trong JavaScript?","False","False","",""
"301","a. conts dog = {};","False","False","",""
"302","b. conts dog = new Object();","False","False","",""
"303","c. conts dog = Object.create({});","False","False","",""
"304","d. Tất cả đều đúng","True","False","","yellow"
"305","Câu hỏi 20: Trong JavaScript, biểu thức x=== y có nghĩa là:","False","False","",""
"306","a. Cả hai chỉ bằng nhau về giá trị, kiểu và địa chỉ tham chiếu.","False","False","",""
"307","b. Cả hai chỉ bằng nhau về giá trị.","False","False","",""
"308","c. Cả hai đều bằng nhau về giá trị và kiểu dữ liệu.","True","False","","yellow"
"309","d. Cả hai đều không giống nhau chút nào.","False","False","",""
"310","Câu hỏi 21: Lệnh x = 10; x2 = ""5""; alert(s1 * s2); kết quả trên hộp thoại alert là:","False","False","",""
"311","a. 10*5","False","False","",""
"312","b. 50","False","False","",""
"313","c. Lỗi","True","False","","yellow"
"314","d. Tất cả đều sai","False","False","",""
"315","Câu hỏi 22: Cho đoạn mã javascript như sau:","False","False","",""
"316","var s = "" Đại học Công Nghệ Sài Gòn "";","False","False","",""
"317","s = s.trim();","False","False","",""
"318","var kq = s.split("" "");","False","False","",""
"319","Kết quả kq[2] của đoạn mã trên:","False","False","",""
"320","a. Đại","False","False","",""
"321","b. Nghệ","False","False","",""
"322","c. Công","True","False","","yellow"
"323","d. Sài","False","False","",""
"324","Câu hỏi 23: Kết quả của đoạn mã javascript dưới đây:","False","False","",""
"325","let person1 = {name: 'An'};","False","False","",""
"326","let person2 = person1;","False","False","",""
"327","person2.name = 'Bình';","False","False","",""
"328","console.log(person1.name);","False","False","",""
"329","a. 'An'","False","False","",""
"330","b. 'Bình'","True","False","","yellow"
"331","c. undefined","False","False","",""
"332","d. error","False","False","",""
"333","Câu hỏi 24: Kết quả của đoạn mã dưới đây là gì?","False","False","",""
"334","var array = [10, 20, 30, 40, 50];","False","False","",""
"335","var part = array.slice(1, 4);","False","False","",""
"336","console.log(part);","False","False","",""
"337","a. [10, 20, 30, 40, 50]","False","False","",""
"338","b. [20, 30, 40]","True","False","","yellow"
"339","c. [30, 40, 50]","False","False","",""
"340","d. [20, 30, 40, 50]","False","False","",""
"341","Câu hỏi 25: Nếu hiện tại thiết lập trên máy tính là thứ Tư ngày 19/6/2024, kết quả hộp thoại alert là gì sau lệnh:","False","False","",""
"342","let d = new Date();","False","False","",""
"343","alert(d.getDay());?","False","False","",""
"344","a. 4","False","False","",""
"345","b. 3","True","False","","yellow"
"346","c. Wed","False","False","",""
"347","d. 19","False","False","",""
"348","Câu hỏi 26: Câu lệnh nào để thay đổi nội dung thẻ div thành ""abc"" :","False","False","",""
"349","<div id=""id1""></div>","False","False","",""
"350","a. document.getElementById('id1').innerHTML=""abc"";","True","False","","yellow"
"351","b. document.getElementsById('id1').innerHTML=""abc"";","False","False","",""
"352","c. document.getElementByTagName('div').innerHTML=""abc"";","False","False","",""
"353","d. document.getElementByTagName('div').innerHTML=""abc"";","False","False","",""
"354","Câu hỏi 27: Để xóa toàn bộ nội dung trang web, dùng lệnh Javascript nào?","False","False","",""
"355","a. document.body.innerHTML="""";","True","False","","yellow"
"356","b. document.getElementsByTagName('body')[0].innerHTML="";","False","False","",""
"357","c. Cả hai a, b đều sai","False","False","",""
"358","d. Cả hai a, b đều đúng","False","False","",""
"359","Câu hỏi 28: Thay đổi thẻ div#id1 sử dụng class c2 là:","False","False","",""
"360","a. document.getElementById('id1').className='c2'","True","False","","yellow"
"361","b. document.getElementById('id1')='c2'","False","False","",""
"362","c. document.getElementById('#id1').className ='c2'","False","False","",""
"363","d. document.getElementById('id1').class ='c2'","False","False","",""
"364","Câu hỏi 29: Để đếm xem trong trang web có bao nhiêu form ta sử dụng lệnh nào?","False","False","",""
"365","a. n = document.form.length;","False","False","",""
"366","b. n = document.forms.length();","False","False","",""
"367","c. n = document.forms.length;","True","False","","yellow"
"368","d. n = document.form.length();","False","False","",""
"369","Câu hỏi 30: Câu lệnh Javascript để quay về trang trước trong history của trình duyệt","False","False","",""
"370","a. <button onclick=""history.back()"">Go Back</button>","False","False","",""
"371","b. <button onclick=""history.go(-1)"">Go Back 2 Pages</button>","False","False","",""
"372","c. <button onclick=""history.go.back()"">Go Back 2 Pages</button>","False","False","",""
"373","d. Cả a,b đúng","True","False","","yellow"
"374","Câu hỏi 31: jQuery là:","False","False","",""
"375","a. Thư viện javascript giúp viết mã javascript nhanh gọn hơn","True","False","","yellow"
"376","b. Một đối tượng của javascript","False","False","",""
"377","c. Một dạng framework","False","False","",""
"378","d. Một phần mềm lập trình javascript","False","False","",""
"379","Câu hỏi 32: Phương thức jquery nào lấy (trả về) nội dung văn bản của tất cả các phần tử đã chọn:","False","False","",""
"380","a. html();","False","False","",""
"381","b. attr();","False","False","",""
"382","c. val();","False","False","",""
"383","d. text()","True","False","","yellow"
"384","Câu hỏi 33: Câu lệnh nào của jQuery tương đương với lệnh javascript: document.getElementById('id1').innerHTML=10;","False","False","",""
"385","a. $(“id1”).html(10);","False","False","",""
"386","b. $(""#id1"").html(10);","True","False","","yellow"
"387","c. $(""id1"").innerHTML=10;","False","False","",""
"388","d. $(""#id1"").htmlHTML=10;","False","False","",""
"389","Câu hỏi 34: Trong jQuery, để ẩn các thẻ p, sử dụng lệnh:","False","False","",""
"390","a. $(""<p>"").hide();","False","False","",""
"391","b. $(""p"").display(""none"");","False","False","",""
"392","c. $(""p"").display(""hide"");","False","False","",""
"393","d. $(""p"").hide();","True","False","","yellow"
"394","Câu hỏi 35: Để xóa phần tử có class là class1 bằng jQuery là:","False","False","",""
"395","a. $("".class1"")[0].remove();","True","False","","yellow"
"396","b. $(#class1)[0].remove();","False","False","",""
"397","c. $(""class1"")[1].remove();","False","False","",""
"398","d. $(""#class1"")[1].remove();","False","False","",""
"399","Câu hỏi 36: Khi xây dựng Web responsive, trang web sẽ có màu nền là gì khi truy cập bằng smart phone nếu trang có css như dưới?","False","False","",""
"400","@media only screen and (max-width: 768px) { body{background-color: red;} }","False","False","",""
"401","@media only screen and (max-width: 768px) { body{background-color: green;} }","False","False","",""
"402","@media only screen and (min-width: 992px) { body{background-color: blue;} }","False","False","",""
"403","@media only screen and (min-width: 1200px) { body{background-color: yellow;} }","False","False","",""
"404","a. Red","False","False","",""
"405","b. Green","True","False","","yellow"
"406","c. Blue","False","False","",""
"407","d. Yellow","False","False","",""
"408","Câu hỏi 37: Figma là:","False","False","",""
"409","a. Công cụ lập trình web","False","False","",""
"410","b. Công cụ thiết kế web","True","False","","yellow"
"411","c. Framework CSS","False","False","",""
"412","d. Thư viện javascript","False","False","",""
"413","Câu hỏi 38: Khi sử dụng emmet trong Visual Code để viết html, lệnh nào tạo ra bảng có id=id1 và có 3 dòng, mỗi dòng 2 cột, nội dung mỗi ô là 5 từ:","False","False","",""
"414","a. table>#id1>tr*3>td*2>lorem5","False","False","",""
"415","b. table>#id1>tr*3>td*2*lorem*5","False","False","",""
"416","c. table#id1>tr*3>td*2>lorem*5","True","False","","yellow"
"417","d. table#id1>tr*3>td*5>lorem5","False","False","",""
"418","Câu hỏi 39: Lệnh để sinh ra mã html như dưới sử dụng emmet là:","False","False","",""
"419","<div id=""container"">","False","False","",""
"420","<div id=""head"" class=""c1""></div>","False","False","",""
"421","<div id=""content"" class=""c2""></div>","False","False","",""
"422","</div>","False","False","",""
"423","a. #container>#head.c1+#content.c2","True","False","","yellow"
"424","b. #container>#head.c1>#content.c2","False","False","",""
"425","c. #container>(head.c1+content.c2)","False","False","",""
"426","d. container>(head.c1+content.c2)","False","False","",""
"427","Câu hỏi 40: AngularJS, ReactJS, và VueJS là:","False","False","",""
"428","a. Các thư viện/framework phổ biến để phát ứng dụng web fullstack","False","False","",""
"429","b. Các thư viện/framework phổ biến phát triển web backend","False","False","",""
"430","c. Các thư viện/framework phổ biến để phát triển giao diện người dùng trong ứng dụng web.","True","False","","yellow"
"431","d. Tất cả các câu trên là đúng","False","False","",""
"432","Đề 4:","True","False","00B050",""
"433","Thuộc tính nào được sử dụng để thay đổi kích thước chữ trong CSS?","True","False","auto",""
"434","font-size","True","False","auto","yellow"
"435","b. text-size","True","False","auto",""
"436","c. size","True","False","auto",""
"437","d. text-font","True","False","auto",""
"438","2. Selector nào được sử dụng để chọn phần tử <a> khi người dùng click (chọn) vào nó?","True","False","auto",""
"439","a. a:focus","True","False","auto",""
"440","b. a:active","True","False","auto","yellow"
"441","c. a:hover","True","False","auto",""
"442","d. a:visited","True","False","auto",""
"443","3. Khi sử dụng float trên một phần tử, phần tử này sẽ:","True","False","auto",""
"444","a. Thay đổi vị trí của phần tử cha","True","False","auto",""
"445","b. Bị kéo ra khỏi luồng bình thường của tài liệu","True","False","auto","yellow"
"446","c. Ảnh hưởng đến tất cả các phần tử anh em bên ngoài container","True","False","auto",""
"447","d. Không ảnh hưởng đến các phần tử khác","True","False","auto",""
"448","4. Thuộc tính CSS nào sau đây có thể được sử dụng để thiết lập một phần tử cố định ở góc dưới cùng bên phải của cửa sổ trình duyệt?","True","False","auto",""
"449","a. position: relative; bottom: 0; right: 0;","True","False","auto",""
"450","b. position: absolute; bottom: 0; right: 0;","True","False","auto",""
"451","c. position: fixed; bottom: 0; right: 0;","True","False","auto","yellow"
"452","d. position: static; bottom: 0; right: 0;","True","False","auto",""
"453","5. Thuộc tính CSS nào được sử dụng để trình bày các phần tử nằm cùng nhau trên một hàng? a. display: block;","True","False","auto",""
"454","b. display: inline;","True","False","auto","yellow"
"455","c. visibility: hidden;","True","False","auto",""
"456","d. display: none;","True","False","auto",""
"457","6. Selector nào chỉ chọn phần tử p chứa class ""example""?","True","False","auto",""
"458","a. p:example","True","False","auto",""
"459","b. .p.example","True","False","auto",""
"460","c. p.example","True","False","auto","yellow"
"461","d. p^example","True","False","auto",""
"462","7. Selector nào chọn phần tử <p> là phần tử con thứ 2 của phần tử cha tính từ cuối cùng? a. :nth-last-child(2)","True","False","auto",""
"463","b. p: nth-child(2)","True","False","auto",""
"464","c. p:nth-child(2)","True","False","auto",""
"465","d. p:nth-last-child(2)","True","False","auto","yellow"
"466","8. Selector nào chọn tất cả các phần tử <p> là anh em liền kề của một phần tử <p>?","True","False","auto",""
"467","a. p + p","True","False","auto","yellow"
"468","b. p ~ p","True","False","auto",""
"469","c. p, p","True","False","auto",""
"470","d. p p","True","False","auto",""
"471","9. Giá trị thuộc tính nào được đặt mặc định cho các phần tử html và không bị ảnh hưởng bởi các thuộc tính top, bottom, left và right.","True","False","auto",""
"472","a. position: static;","True","False","auto","yellow"
"473","b. position: relative;","True","False","auto",""
"474","c. position: fixed;","True","False","auto",""
"475","d. position: absolute;","True","False","auto",""
"476","10. Phần nội dung footer thường sử dụng thuộc tính nào để ngăn chặn các phần tử khác ảnh hưởng đến nó?","True","False","auto",""
"477","a. float: auto;","True","False","auto",""
"478","b. clear: auto;","True","False","auto",""
"479","c. overflow: hidden;","True","False","auto",""
"480","d. clear: both;","True","False","auto","yellow"
"481","11. Trong CSS, thuộc tính ""min-width"" được sử dụng để làm gì trong Responsive Web Design?","True","False","auto",""
"482","a. Xác định chiều rộng tối đa cho một phần tử","True","False","auto",""
"483","b. Xác định chiều cao tối đa cho một phần tử","True","False","auto",""
"484","c. Xác định chiều rộng tối thiểu cho một phần tử","True","False","auto","yellow"
"485","d. Xác định chiều cao tối thiểu cho một phần tử","True","False","auto",""
"486","12. Media query nào dưới đây áp dụng các quy tắc CSS chỉ khi thiết bị là máy in?","True","False","auto",""
"487","a. @media print {...}","True","False","auto","yellow"
"488","b. @media printer {...}","True","False","auto",""
"489","c. @media screen and (device: print) {...}","True","False","auto",""
"490","d. @media screen and (type: print) {...}","True","False","auto",""
"491","13. Media query nào dưới đây áp dụng các quy tắc CSS chỉ khi chiều cao của cửa sổ trình duyệt ít nhất là 400px và chiều rộng ít nhất là 600px?","True","False","auto",""
"492","a. @media screen and (min-height: 400px) and (max-width: 600px) {...}","True","False","auto",""
"493","b. @media screen and (height: 400px) and (width: 600px) {...}","True","False","auto",""
"494","c. @media screen and (min-height: 400px) and (min-width: 600px) {...}","True","False","auto","yellow"
"495","d. @media screen and (height: 400px) and (max-width: 600px) {...}","True","False","auto",""
"496","14. Thuộc tính CSS nào được sử dụng để xác định tỷ lệ mà một phần tử con sẽ co lại trong container Flexbox?","True","False","auto",""
"497","a. flex-grow","True","False","auto",""
"498","b. flex-basis","True","False","auto",""
"499","c. flex-shrink","True","False","auto","yellow"
"500","d. flex","True","False","auto",""
"501","15. Thuộc tính flex-basis được sử dụng để xác định điều gì về phần tử con trong container Flexbox?","True","False","auto",""
"502","a. Tỷ lệ mở rộng","True","False","auto",""
"503","b. Tỷ lệ co lại","True","False","auto",""
"504","c. Chỉ định độ dài ban đầu","True","False","auto","yellow"
"505","d. Chỉ định độ cao ban đầu","True","False","auto",""
"506","16. Trong JavaScript, từ khóa nào được sử dụng để khai báo một biến không thể thay đổi giá trị sau khi đã được gán giá trị?","True","False","auto",""
"507","a. let","True","False","auto",""
"508","b. var","True","False","auto",""
"509","c. const","True","False","auto","yellow"
"510","d. undefined","True","False","auto",""
"511","17. Kết quả của biểu thức 4 + ""4"" trong JavaScript là gì?","True","False","auto",""
"512","a. ""44""","True","False","auto","yellow"
"513","b. 8","True","False","auto",""
"514","c. NaN","True","False","auto",""
"515","d. undefined","True","False","auto",""
"516","18. Kết quả biến s là gì?","True","False","auto",""
"517","var s = parseInt(""1.7A"") + parseFloat(""2.5A"");","True","False","auto",""
"518","a. 3.2","True","False","auto",""
"519","b. 3.5","True","False","auto","yellow"
"520","c. ""1725""","True","False","auto",""
"521","d. 2.7","True","False","auto",""
"522","19. Đoạn mã nào có nhiệm vụ tạo đối tượng trong javascript?","True","False","auto",""
"523","a. conto dog = {};","True","False","auto",""
"524","b. conto dog = new Object();","True","False","auto",""
"525","c. conto dog = Object.create({});","True","False","auto",""
"526","d. Tất cả đều đúng","True","False","auto","yellow"
"527","20. Trong javascript, biểu thức x = y có nghĩa là:","True","False","auto",""
"528","a. Gán giá trị y cho x.","True","False","auto","yellow"
"529","b. Cả hai chỉ bằng nhau về giá trị.","True","False","auto",""
"530","c. Cả hai đều bằng nhau về giá trị và kiểu dữ liệu.","True","False","auto",""
"531","d. Cả hai bằng nhau về địa chỉ tham chiếu.","True","False","auto",""
"532","21. Lệnh: a! = ""10""; s2 = 5; alert(a! + s2); Kết quả trên hộp thoại Alert là","True","False","auto",""
"533","a. 15","True","False","auto",""
"534","b. ""10""5","True","False","auto",""
"535","c. 105","True","False","auto","yellow"
"536","d. ""55""","True","False","auto",""
"537","22. Cho đoạn mã javascript như sau:","True","False","auto",""
"538","var kq = ""Đại học Công Nghệ Sài Gòn"";","True","False","auto",""
"539","var kq_ = kq.split("" "");","True","False","auto",""
"540","Kết quả kq[4] của đoạn mã trên:","True","False","auto",""
"541","a. Đại","True","False","auto",""
"542","b. Nghệ","True","False","auto",""
"543","c. Gòn","True","False","auto",""
"544","d. Sài","True","False","auto","yellow"
"545","23. Kết quả của đoạn mã dưới đây là gì?","True","False","auto",""
"546","var array = [10, 20, 30, 40, 50];","True","False","auto",""
"547","var newArray = array.slice(1, 4);","True","False","auto",""
"548","console.log(newArray);","True","False","auto",""
"549","[20, 30, 40]","True","False","auto","yellow"
"550","[50, 40, 50]","True","False","auto",""
"551","[20, 30, 40, 50]","True","False","auto",""
"552","d. [10, 20, 30, 40]","True","False","auto",""
"553","24. Kết quả của đoạn mã javascript dưới đây:","True","False","auto",""
"554","let person = {","True","False","auto",""
"555","name: ""An"",","True","False","auto",""
"556","age:30","True","False","auto",""
"557","};","True","False","auto",""
"558","Object.keys(person).forEach(key => {","True","False","auto",""
"559","console.log(key);","True","False","auto",""
"560","});","True","False","auto",""
"561","a. age","True","False","auto",""
"562","b. Name","True","False","auto",""
"563","c. An 30","True","False","auto",""
"564","d. 'name age'","True","False","auto","yellow"
"565","25. Ngày hiện tại thiết lập trên máy tính là thứ Sáu ngày 21/6/2024, kết quả hộp thoại là gì sau lệnh: new Date().getDay();","True","False","auto",""
"566","a. 21","True","False","auto",""
"567","b. Fri","True","False","auto",""
"568","c. 0","True","False","auto",""
"569","d. 5","True","False","auto","yellow"
"570","26. Để đếm xem trong trang web có bao nhiêu form ta sử dụng lệnh nào?","True","False","auto",""
"571","a. n = document.form.length;","True","False","auto",""
"572","b. n = document.form.length();","True","False","auto",""
"573","c. n = document.forms.length;","True","False","auto","yellow"
"574","d. n = document.forms.length();","True","False","auto",""
"575","27. Câu lệnh nào để nhập nội dung thẻ div thành = ""abc"": <div id=""id1""></div>","True","False","auto",""
"576","a. document.getElementById('id1').innerHTML = ""abc"";","True","False","auto","yellow"
"577","b. document.getElementsByTagName('div').innerHTML = ""abc"";","True","False","auto",""
"578","c. document.getElementsByTagName('div').innerHTML = ""abc"";","True","False","auto",""
"579","d. document.getElementById('id1').innerText = ""abc"";","True","False","auto",""
"580","28. Để xóa toàn bộ nội dung trang web, dùng lệnh javascript nào?","True","False","auto",""
"581","a. document.body.innerHTML = """";","True","False","auto",""
"582","b. document.getElementsByTagName('body')[0].innerHTML = """";","True","False","auto",""
"583","c. Cả hai a, b đều sai","True","False","auto",""
"584","d. Cả hai a, b đều đúng","True","False","auto","yellow"
"585","29. Để chuyển trang web tới https://www.google.com/search?q=google.com.vn, sử dụng lệnh","True","False","auto",""
"586","a. URL.location = ""https://www.google.com.vn/""","True","False","auto",""
"587","b. window.URL.location=""https://www.google.com/""","True","False","auto",""
"588","c. window.location=""https://www.google.com.vn/""","True","False","auto","yellow"
"589","d. window.location=""https://www.google.com.""","True","False","auto",""
"590","30. Để thay đổi màu chữ của phần tử có name n thành 'red' là:","True","False","auto",""
"591","a. document.getElementsByName('n').color = 'red';","True","False","auto",""
"592","b. document.getElementsByName('n').add.color = 'red';","True","False","auto",""
"593","c. document.getElementsByName('n').style.color = 'red';","True","False","auto","yellow"
"594","d. document.getElementsByName('n').css.color = 'red';","True","False","auto",""
"595","31. jQuery là:","True","False","auto",""
"596","a. Một đối tượng của javascript","True","False","auto",""
"597","b. Thư viện javascript giúp viết mã javascript nhanh gọn hơn","True","False","auto","yellow"
"598","c. Một phần mềm lập trình javascript","True","False","auto",""
"599","d. Một dạng framework","True","False","auto",""
"600","32. Trong jQuery, để ẩn các thẻ p, sử dụng lệnh:","True","False","auto",""
"601","a. $('p').display(""hide"")","True","False","auto",""
"602","b. $('p').display(""none"")","True","False","auto",""
"603","c. $('p').hide()","True","False","auto",""
"604","d. $('p').hide();","True","False","auto","yellow"
"605","33. Phương thức jquery nào lấy (trả về) nội dung văn bản của tất cả các phần tử đã chọn: a. html()","True","False","auto",""
"606","b. val();","True","False","",""
"607","c. text()","True","False","auto","yellow"
"608","d. attr();","True","False","auto",""
"609","34. Để xóa phần tử thứ 2 có class là class1 bằng jQuery là:","True","False","auto",""
"610","a. $('class1')[0].remove();","True","False","auto",""
"611","b. $('class1')[1].remove();","True","False","auto",""
"612","c. $('class1').remove();","True","False","auto",""
"613","d. $('class1')[1].remove();","True","False","auto","yellow"
"614","35. Câu lệnh nào của jQuery tương đương với lệnh javascript: document.getElementById(""id1"").textContent = 10;","True","False","auto",""
"615","a. $(""#id1"").text(10);","True","False","auto","yellow"
"616","b. $(""#id1"").text(10);","True","False","auto",""
"617","c. $(""#id1"").textContent = 10;","True","False","auto",""
"618","d. $(""#id1"").textContent = 10;","True","False","auto",""
"619","36. AngularJS, ReactJS, và VueJS là:","True","False","auto",""
"620","a. Các thư viện/framework phổ biến để phát triển giao diện người dùng trong ứng dụng web.","True","False","auto","yellow"
"621","b. Các thư viện/framework phổ biến phát triển web backend","True","False","auto",""
"622","c. Các thư viện/framework phổ biến để phát triển ứng dụng web fullstack","True","False","auto",""
"623","d. Tất cả các câu trên là đúng","True","False","auto",""
"624","37. Figma là:","True","False","auto",""
"625","a. Công cụ lập trình web","True","False","auto",""
"626","b. Framework CSS","True","False","auto",""
"627","c. Công cụ thiết kế web","True","False","auto","yellow"
"628","d. Thư viện javascript","True","False","auto",""
"629","38. Lệnh để sinh ra mã html như dưới:","True","False","auto",""
"630","<div id=""container"">","True","False","auto",""
"631","<head>","True","False","auto",""
"632","<title>Content</title>","True","False","auto",""
"633","</head>","True","False","auto",""
"634","<body>","True","False","auto",""
"635","<div class=""content""></div>","True","False","auto",""
"636","</body>","True","False","auto",""
"637","</div>","True","False","auto",""
"638","#container>#head.c1>#content.c2","True","False","auto",""
"639","#container>head.c1+content.c2","True","False","auto",""
"640","#container>(head.c1+content.c2)","True","False","auto","yellow"
"641","d. container>(head.c1+content.c2)","True","False","auto",""
"642","39. Khi xây dựng Web responsive, trang web sẽ có màu nền là gì khi truy cập bằng smart phone nếu trang có css như dưới?","True","False","auto",""
"643","@media only screen and (max-width: 600px) {","True","False","auto",""
"644","body {background-color: yellow;}","True","False","auto",""
"645","}","True","False","auto",""
"646","@media only screen and (min-width: 601px) {","True","False","auto",""
"647","body {background-color: green;}","True","False","auto",""
"648","}","True","False","auto",""
"649","@media only screen and (min-width: 992px) {","True","False","auto",""
"650","body {background-color: blue;}","True","False","auto",""
"651","}","True","False","auto",""
"652","@media only screen and (min-width: 1200px) {","True","False","auto",""
"653","body {background-color: red;}","True","False","auto",""
"654","}","True","False","auto",""
"655","Red","True","False","auto",""
"656","Green","True","False","auto",""
"657","Blue","True","False","auto",""
"658","d. Yellow","True","False","auto","yellow"
"659","40. Khi sử dụng emmet trong Visual Code để thiết kế html, lệnh nào tạo ra bảng có id=id1 và có 3 dòng, mỗi dòng 2 cột, nội dung mỗi ô là từ 5 từ.","True","False","auto",""
"660","a. table#id1>tr*3>td*2>lorem*5","True","False","auto","yellow"
"661","b. table#id1>tr*3>td*2>lorem*5","True","False","auto",""
"662","c. table#id1>tr*3>td*2>lorem5","True","False","auto",""
"663","d. table#id1>tr*3>td*2>lorem5","True","False","auto",""
